<?xml version="1.0" encoding="UTF-8"?>
<project-private xmlns="http://www.netbeans.org/ns/project-private/1">
    <editor-bookmarks xmlns="http://www.netbeans.org/ns/editor-bookmarks/2" lastBookmarkId="0"/>
    <open-files xmlns="http://www.netbeans.org/ns/projectui-open-files/2">
        <group>
            <file>file:/Users/chelseaatkins/NetBeansProjects/WarehouseManagementSystem/src/warehousemanagementsystem/WarehouseManagementSystem.java</file>
            <file>file:/Users/chelseaatkins/NetBeansProjects/WarehouseManagementSystem/src/warehousemanagementsystem/ManagerFrameController.java</file>
            <file>file:/Users/chelseaatkins/NetBeansProjects/WarehouseManagementSystem/src/warehousemanagementsystem/LoadingFrame.fxml</file>
            <file>file:/Users/chelseaatkins/NetBeansProjects/WarehouseManagementSystem/src/warehousemanagementsystem/AssignEmployeeTaskFrame.fxml</file>
            <file>file:/Users/chelseaatkins/NetBeansProjects/WarehouseManagementSystem/src/warehousemanagementsystem/LoginFrame.fxml</file>
            <file>file:/Users/chelseaatkins/NetBeansProjects/WarehouseManagementSystem/src/warehousemanagementsystem/CreateAccountFrame.fxml</file>
            <file>file:/Users/chelseaatkins/NetBeansProjects/WarehouseManagementSystem/src/warehousemanagementsystem/LogoutFrame.fxml</file>
            <file>file:/Users/chelseaatkins/NetBeansProjects/WarehouseManagementSystem/StoredDataEmployee.txt</file>
            <file>file:/Users/chelseaatkins/NetBeansProjects/WarehouseManagementSystem/src/warehousemanagementsystem/ManagerFrame.fxml</file>
            <file>file:/Users/chelseaatkins/NetBeansProjects/WarehouseManagementSystem/src/warehousemanagementsystem/EmployeeFrame.fxml</file>
            <file>file:/Users/chelseaatkins/NetBeansProjects/WarehouseManagementSystem/src/warehousemanagementsystem/LogoutFrameController.java</file>
            <file>file:/Users/chelseaatkins/NetBeansProjects/WarehouseManagementSystem/src/warehousemanagementsystem/RemoveEmployeeFrameController.java</file>
            <file>file:/Users/chelseaatkins/NetBeansProjects/WarehouseManagementSystem/src/warehousemanagementsystem/RemoveEmployeeFrame.fxml</file>
            <file>file:/Users/chelseaatkins/NetBeansProjects/WarehouseManagementSystem/src/warehousemanagementsystem/AssignEmployeeTaskFrameController.java</file>
            <file>file:/Users/chelseaatkins/NetBeansProjects/WarehouseManagementSystem/StoredDataManager.txt</file>
            <file>file:/Users/chelseaatkins/NetBeansProjects/WarehouseManagementSystem/src/warehousemanagementsystem/EmployeeFrameController.java</file>
            <file>file:/Users/chelseaatkins/NetBeansProjects/WarehouseManagementSystem/src/warehousemanagementsystem/LoadingFrameController.java</file>
            <file>file:/Users/chelseaatkins/NetBeansProjects/WarehouseManagementSystem/src/warehousemanagementsystem/CreateAccountFrameController.java</file>
            <file>file:/Users/chelseaatkins/NetBeansProjects/WarehouseManagementSystem/src/warehousemanagementsystem/LoginFrameController.java</file>
        </group>
    </open-files>
</project-private>
