<?xml version="1.0" encoding="UTF-8"?>
<project-private xmlns="http://www.netbeans.org/ns/project-private/1">
    <editor-bookmarks xmlns="http://www.netbeans.org/ns/editor-bookmarks/2" lastBookmarkId="0"/>
    <open-files xmlns="http://www.netbeans.org/ns/projectui-open-files/2">
        <group>
            <file>file:/Users/chelseaatkins/Documents/WarehouseManagementSystem/src/warehousemanagementsystem/LogoutFrameController.java</file>
            <file>file:/Users/chelseaatkins/Documents/WarehouseManagementSystem/src/warehousemanagementsystem/RemoveEmployeeFrame.fxml</file>
            <file>file:/Users/chelseaatkins/Documents/WarehouseManagementSystem/StoredDataManager.txt</file>
            <file>file:/Users/chelseaatkins/Documents/WarehouseManagementSystem/src/warehousemanagementsystem/WarehouseManagementSystem.java</file>
            <file>file:/Users/chelseaatkins/Documents/WarehouseManagementSystem/src/warehousemanagementsystem/CreateLabelFrameController.java</file>
            <file>file:/Users/chelseaatkins/Documents/WarehouseManagementSystem/Imports.txt</file>
            <file>file:/Users/chelseaatkins/Documents/WarehouseManagementSystem/src/warehousemanagementsystem/OrderProductFrame.fxml</file>
            <file>file:/Users/chelseaatkins/Documents/WarehouseManagementSystem/src/warehousemanagementsystem/ViewAllAnnouncements.fxml</file>
            <file>file:/Users/chelseaatkins/Documents/WarehouseManagementSystem/src/warehousemanagementsystem/ViewAllAnnouncementsController.java</file>
            <file>file:/Users/chelseaatkins/Documents/WarehouseManagementSystem/src/warehousemanagementsystem/CreateAnnouncementFrame.fxml</file>
            <file>file:/Users/chelseaatkins/Documents/WarehouseManagementSystem/src/warehousemanagementsystem/SuccessfulAccountCreation.fxml</file>
            <file>file:/Users/chelseaatkins/Documents/WarehouseManagementSystem/src/warehousemanagementsystem/CreateAccountFrameController.java</file>
            <file>file:/Users/chelseaatkins/Documents/WarehouseManagementSystem/StoredDataEmployee.txt</file>
            <file>file:/Users/chelseaatkins/Documents/WarehouseManagementSystem/src/warehousemanagementsystem/EmployeeFrame.fxml</file>
            <file>file:/Users/chelseaatkins/Documents/WarehouseManagementSystem/build.xml</file>
            <file>file:/Users/chelseaatkins/Documents/WarehouseManagementSystem/src/warehousemanagementsystem/AssignEmployeeTaskFrame.fxml</file>
            <file>file:/Users/chelseaatkins/Documents/WarehouseManagementSystem/src/warehousemanagementsystem/LogoutFrame.fxml</file>
            <file>file:/Users/chelseaatkins/Documents/WarehouseManagementSystem/src/warehousemanagementsystem/CreateAnnouncementFrameController.java</file>
            <file>file:/Users/chelseaatkins/Documents/WarehouseManagementSystem/src/warehousemanagementsystem/ManagerFrame.fxml</file>
            <file>file:/Users/chelseaatkins/Documents/WarehouseManagementSystem/src/warehousemanagementsystem/LoadInvetoryData.fxml</file>
            <file>file:/Users/chelseaatkins/Documents/WarehouseManagementSystem/src/warehousemanagementsystem/OrderProductFrameController.java</file>
            <file>file:/Users/chelseaatkins/Documents/WarehouseManagementSystem/src/warehousemanagementsystem/CreateLabelFrame.fxml</file>
            <file>file:/Users/chelseaatkins/Documents/WarehouseManagementSystem/src/warehousemanagementsystem/LoginFrameController.java</file>
            <file>file:/Users/chelseaatkins/Documents/WarehouseManagementSystem/src/warehousemanagementsystem/EmployeeFrameController.java</file>
            <file>file:/Users/chelseaatkins/Documents/WarehouseManagementSystem/src/warehousemanagementsystem/ManagerFrameController.java</file>
            <file>file:/Users/chelseaatkins/Documents/WarehouseManagementSystem/src/warehousemanagementsystem/LoadInvetoryDataController.java</file>
            <file>file:/Users/chelseaatkins/Documents/WarehouseManagementSystem/src/warehousemanagementsystem/RemoveEmployeeFrameController.java</file>
            <file>file:/Users/chelseaatkins/Documents/WarehouseManagementSystem/src/warehousemanagementsystem/AssignEmployeeTaskFrameController.java</file>
            <file>file:/Users/chelseaatkins/Documents/WarehouseManagementSystem/src/warehousemanagementsystem/CreateAccountFrame.fxml</file>
            <file>file:/Users/chelseaatkins/Documents/WarehouseManagementSystem/src/warehousemanagementsystem/StyleSheet.css</file>
            <file>file:/Users/chelseaatkins/Documents/WarehouseManagementSystem/Tasks.txt</file>
            <file>file:/Users/chelseaatkins/Documents/WarehouseManagementSystem/src/warehousemanagementsystem/LoginFrame.fxml</file>
            <file>file:/Users/chelseaatkins/Documents/WarehouseManagementSystem/src/warehousemanagementsystem/SuccessfulAccountCreationController.java</file>
        </group>
    </open-files>
</project-private>
